日付,商品カテゴリ,商品名,数量,単価,売上高
2024-01-01,書籍,自己啓発,8,4272,34176
2024-01-01,家具,テーブル,3,42194,126582
2024-01-01,食品,果物,4,971,3884
2024-01-01,食品,果物,2,443,886
2024-01-01,書籍,参考書,5,1684,8420
2024-01-01,書籍,参考書,6,3404,20424
2024-01-01,電子機器,タブレット,10,28431,284310
2024-01-01,書籍,コミック,3,2399,7197
2024-01-01,書籍,小説,3,4056,12168
2024-01-01,食品,果物,9,266,2394
2024-01-01,衣類,ジャケット,9,12555,112995
2024-01-02,衣類,Tシャツ,10,4612,46120
2024-01-02,衣類,ジャケット,7,12748,89236
2024-01-02,食品,チョコレート,4,1685,6740
2024-01-02,書籍,参考書,6,3113,18678
2024-01-02,衣類,ジャケット,6,11692,70152
2024-01-02,衣類,ジーンズ,2,6297,12594
2024-01-03,書籍,小説,8,837,6696
2024-01-03,家具,テーブル,9,26243,236187
2024-01-03,書籍,コミック,9,2562,23058
2024-01-03,家具,椅子,9,45774,411966
2024-01-03,電子機器,スマートフォン,8,58190,465520
2024-01-03,食品,パスタ,1,491,491
2024-01-03,食品,パスタ,1,478,478
2024-01-03,家具,テーブル,7,43952,307664
2024-01-04,電子機器,イヤホン,2,62256,124512
2024-01-04,家具,照明,8,15965,127720
2024-01-04,食品,パスタ,1,1862,1862
2024-01-04,家具,照明,1,22412,22412
2024-01-04,衣類,スニーカー,9,2206,19854
2024-01-04,衣類,ジーンズ,3,2863,8589
2024-01-04,電子機器,イヤホン,4,28141,112564
2024-01-04,家具,ベッド,4,21198,84792
2024-01-04,食品,パスタ,6,1919,11514
2024-01-04,衣類,ジーンズ,9,13252,119268
2024-01-04,書籍,コミック,4,2481,9924
2024-01-05,衣類,ジャケット,9,13494,121446
2024-01-05,電子機器,スマートフォン,9,76842,691578
2024-01-05,電子機器,イヤホン,9,19474,175266
2024-01-05,食品,チョコレート,5,1348,6740
2024-01-05,食品,コーヒー,8,1950,15600
2024-01-05,電子機器,イヤホン,1,61005,61005
2024-01-05,電子機器,ノートPC,4,93211,372844
2024-01-05,衣類,スニーカー,1,3636,3636
2024-01-05,電子機器,スマートフォン,1,10854,10854
2024-01-05,家具,椅子,1,26556,26556
2024-01-05,書籍,参考書,6,4010,24060
2024-01-05,食品,パスタ,1,866,866
2024-01-05,家具,ソファ,2,5197,10394
2024-01-05,食品,チョコレート,9,1247,11223
2024-01-05,食品,果物,3,759,2277
2024-01-06,書籍,雑誌,10,2486,24860
2024-01-06,食品,スナック菓子,7,1943,13601
2024-01-06,電子機器,スマートフォン,8,81295,650360
2024-01-06,衣類,Tシャツ,9,8616,77544
2024-01-06,衣類,ジーンズ,3,2262,6786
2024-01-06,書籍,参考書,9,4143,37287
2024-01-06,電子機器,ノートPC,1,30932,30932
2024-01-06,家具,照明,7,48016,336112
2024-01-06,電子機器,タブレット,3,25151,75453
2024-01-06,食品,スナック菓子,8,153,1224
2024-01-06,電子機器,イヤホン,1,42711,42711
2024-01-06,書籍,コミック,3,3683,11049
2024-01-06,電子機器,タブレット,9,78497,706473
2024-01-06,衣類,ジーンズ,6,13426,80556
2024-01-06,家具,椅子,4,29736,118944
2024-01-07,電子機器,スマートウォッチ,4,68871,275484
2024-01-07,食品,チョコレート,1,787,787
2024-01-07,書籍,雑誌,3,3946,11838
2024-01-07,家具,照明,6,10895,65370
2024-01-07,食品,パスタ,2,1400,2800
2024-01-07,電子機器,イヤホン,1,50764,50764
2024-01-07,食品,スナック菓子,3,1315,3945
2024-01-07,電子機器,スマートフォン,5,53525,267625
2024-01-08,書籍,小説,5,2827,14135
2024-01-08,家具,椅子,5,5699,28495
2024-01-08,電子機器,イヤホン,5,16102,80510
2024-01-08,電子機器,タブレット,2,44584,89168
2024-01-08,衣類,ジーンズ,3,3895,11685
2024-01-08,衣類,ジーンズ,10,3409,34090
2024-01-08,衣類,Tシャツ,8,10096,80768
2024-01-09,食品,果物,10,858,8580
2024-01-09,衣類,スニーカー,2,12647,25294
2024-01-09,家具,ソファ,10,29376,293760
2024-01-09,書籍,自己啓発,4,2868,11472
2024-01-09,書籍,雑誌,7,1666,11662
2024-01-09,書籍,参考書,2,3274,6548
2024-01-09,食品,チョコレート,10,674,6740
2024-01-09,家具,テーブル,10,36024,360240
2024-01-09,書籍,参考書,6,4354,26124
2024-01-09,食品,スナック菓子,5,1092,5460
2024-01-09,家具,ソファ,5,26606,133030
2024-01-09,書籍,自己啓発,4,4642,18568
2024-01-09,食品,スナック菓子,2,735,1470
2024-01-10,食品,チョコレート,8,930,7440
2024-01-10,食品,スナック菓子,10,1469,14690
2024-01-10,家具,テーブル,5,10949,54745
2024-01-10,電子機器,イヤホン,5,76617,383085
2024-01-10,衣類,Tシャツ,2,9805,19610
2024-01-10,電子機器,スマートウォッチ,5,13343,66715
2024-01-10,家具,ベッド,6,13130,78780
2024-01-10,書籍,参考書,3,3244,9732
2024-01-10,家具,ソファ,5,49078,245390
2024-01-10,電子機器,イヤホン,5,53919,269595
2024-01-10,衣類,ジーンズ,5,14838,74190
2024-01-10,書籍,小説,5,2570,12850
2024-01-10,衣類,ジーンズ,6,4849,29094
2024-01-10,書籍,参考書,10,4230,42300
2024-01-11,電子機器,スマートウォッチ,4,37663,150652
2024-01-11,衣類,Tシャツ,4,3687,14748
2024-01-11,書籍,参考書,3,2927,8781
2024-01-11,電子機器,スマートフォン,3,48304,144912
2024-01-11,衣類,スニーカー,2,12738,25476
2024-01-11,衣類,スニーカー,7,13088,91616
2024-01-11,衣類,セーター,10,11817,118170
2024-01-11,衣類,スニーカー,9,5974,53766
2024-01-11,書籍,参考書,5,2016,10080
2024-01-11,食品,果物,8,1543,12344
2024-01-11,電子機器,スマートウォッチ,9,54425,489825
2024-01-11,家具,椅子,8,22506,180048
2024-01-11,書籍,参考書,1,2643,2643
2024-01-11,家具,ソファ,1,25150,25150
2024-01-12,電子機器,タブレット,9,65069,585621
2024-01-12,電子機器,スマートフォン,4,56959,227836
2024-01-12,電子機器,スマートウォッチ,3,57280,171840
2024-01-12,書籍,コミック,9,4671,42039
2024-01-12,電子機器,イヤホン,4,64098,256392
2024-01-12,衣類,セーター,5,9266,46330
2024-01-12,書籍,小説,4,3438,13752
2024-01-12,家具,ソファ,5,6167,30835
2024-01-12,電子機器,スマートウォッチ,5,31545,157725
2024-01-12,衣類,ジーンズ,5,9330,46650
2024-01-12,家具,照明,2,42614,85228
2024-01-13,衣類,ジーンズ,1,13516,13516
2024-01-13,家具,テーブル,9,32569,293121
2024-01-13,食品,コーヒー,2,1640,3280
2024-01-13,家具,ベッド,6,31962,191772
2024-01-13,家具,椅子,6,46459,278754
2024-01-13,電子機器,スマートフォン,4,45909,183636
2024-01-13,書籍,雑誌,6,2714,16284
2024-01-13,食品,コーヒー,10,1654,16540
2024-01-13,食品,果物,2,1343,2686
2024-01-13,衣類,ジャケット,8,11086,88688
2024-01-13,電子機器,スマートフォン,3,90219,270657
2024-01-13,電子機器,イヤホン,1,33960,33960
2024-01-13,電子機器,スマートウォッチ,6,77641,465846
2024-01-14,家具,照明,5,30826,154130
2024-01-14,食品,スナック菓子,9,1525,13725
2024-01-14,電子機器,スマートフォン,1,78866,78866
2024-01-14,電子機器,タブレット,10,20975,209750
2024-01-14,書籍,コミック,5,1645,8225
2024-01-14,書籍,コミック,10,4219,42190
2024-01-14,衣類,ジャケット,2,2539,5078
2024-01-14,書籍,自己啓発,9,4275,38475
2024-01-14,食品,チョコレート,9,1028,9252
2024-01-15,書籍,自己啓発,3,3824,11472
2024-01-15,衣類,スニーカー,5,3838,19190
2024-01-15,電子機器,ノートPC,10,94791,947910
2024-01-15,衣類,スニーカー,5,3015,15075
2024-01-15,電子機器,スマートフォン,2,18415,36830
2024-01-15,電子機器,タブレット,5,33833,169165
2024-01-15,電子機器,タブレット,1,56540,56540
2024-01-15,電子機器,ノートPC,9,18702,168318
2024-01-15,電子機器,スマートウォッチ,7,39189,274323
2024-01-16,家具,ベッド,6,20106,120636
2024-01-16,家具,ベッド,5,15916,79580
2024-01-16,衣類,ジーンズ,3,9245,27735
2024-01-16,電子機器,スマートフォン,3,63932,191796
2024-01-16,家具,ソファ,1,42744,42744
2024-01-17,衣類,ジャケット,8,11766,94128
2024-01-17,衣類,ジーンズ,2,14725,29450
2024-01-17,食品,パスタ,2,367,734
2024-01-17,電子機器,イヤホン,5,34285,171425
2024-01-17,食品,チョコレート,1,723,723
2024-01-17,家具,ベッド,2,31698,63396
2024-01-17,食品,スナック菓子,2,905,1810
2024-01-17,衣類,ジーンズ,2,8941,17882
2024-01-17,食品,パスタ,2,1431,2862
2024-01-17,電子機器,スマートフォン,8,52318,418544
2024-01-17,書籍,参考書,3,2628,7884
2024-01-17,家具,ベッド,4,24856,99424
2024-01-18,電子機器,イヤホン,4,83477,333908
2024-01-18,家具,テーブル,3,11254,33762
2024-01-18,電子機器,タブレット,6,32415,194490
2024-01-18,書籍,コミック,8,780,6240
2024-01-18,食品,パスタ,2,160,320
2024-01-18,衣類,スニーカー,3,9956,29868
2024-01-18,家具,テーブル,10,41668,416680
2024-01-18,家具,椅子,5,44144,220720
2024-01-18,書籍,参考書,2,2468,4936
2024-01-18,衣類,セーター,9,8937,80433
2024-01-18,電子機器,スマートフォン,6,20478,122868
2024-01-18,食品,果物,1,1149,1149
2024-01-18,書籍,小説,8,1776,14208
2024-01-18,書籍,参考書,7,2625,18375
2024-01-19,衣類,セーター,10,6621,66210
2024-01-19,食品,パスタ,7,1126,7882
2024-01-19,食品,スナック菓子,2,1629,3258
2024-01-19,食品,パスタ,9,1754,15786
2024-01-19,家具,ソファ,10,6062,60620
2024-01-19,電子機器,スマートフォン,7,16229,113603
2024-01-19,衣類,ジャケット,9,8288,74592
2024-01-19,家具,ソファ,9,47563,428067
2024-01-19,衣類,スニーカー,9,12348,111132
2024-01-19,衣類,ジャケット,6,14910,89460
2024-01-19,電子機器,イヤホン,3,91449,274347
2024-01-19,電子機器,スマートウォッチ,6,94659,567954
2024-01-20,衣類,スニーカー,8,12554,100432
2024-01-20,家具,ベッド,9,32285,290565
2024-01-20,家具,ソファ,8,32446,259568
2024-01-20,電子機器,タブレット,3,14324,42972
2024-01-20,書籍,参考書,4,4670,18680
2024-01-20,書籍,小説,8,4789,38312
2024-01-20,食品,コーヒー,3,272,816
2024-01-20,書籍,自己啓発,6,1641,9846
2024-01-20,書籍,雑誌,4,724,2896
2024-01-20,書籍,小説,1,4915,4915
2024-01-20,家具,照明,4,44756,179024
2024-01-20,食品,パスタ,1,1001,1001
2024-01-20,衣類,ジーンズ,5,8038,40190
2024-01-20,衣類,ジャケット,2,4060,8120
2024-01-21,衣類,ジャケット,1,3342,3342
2024-01-21,家具,椅子,1,32534,32534
2024-01-21,食品,チョコレート,5,417,2085
2024-01-21,書籍,コミック,2,4929,9858
2024-01-21,家具,照明,9,24019,216171
2024-01-21,食品,パスタ,1,1419,1419
2024-01-21,書籍,自己啓発,8,4350,34800
2024-01-21,電子機器,スマートウォッチ,3,96740,290220
2024-01-21,家具,ベッド,3,28930,86790
2024-01-21,衣類,ジャケット,9,3065,27585
2024-01-21,電子機器,ノートPC,8,69207,553656
2024-01-21,食品,果物,6,1988,11928
2024-01-22,電子機器,スマートフォン,1,44016,44016
2024-01-22,衣類,セーター,8,12343,98744
2024-01-22,食品,パスタ,6,1769,10614
2024-01-22,食品,パスタ,8,653,5224
2024-01-22,書籍,自己啓発,1,2535,2535
2024-01-22,食品,スナック菓子,6,1564,9384
2024-01-22,電子機器,スマートウォッチ,5,42154,210770
2024-01-22,電子機器,イヤホン,6,69201,415206
2024-01-22,衣類,セーター,10,13104,131040
2024-01-22,家具,ソファ,8,45631,365048
2024-01-22,家具,ベッド,4,40659,162636
2024-01-23,食品,パスタ,3,1415,4245
2024-01-23,衣類,スニーカー,5,7779,38895
2024-01-23,食品,コーヒー,8,649,5192
2024-01-23,衣類,スニーカー,10,12380,123800
2024-01-23,衣類,Tシャツ,1,9790,9790
2024-01-23,書籍,雑誌,4,3435,13740
2024-01-24,衣類,Tシャツ,10,8024,80240
2024-01-24,食品,果物,8,1420,11360
2024-01-24,食品,チョコレート,5,1528,7640
2024-01-24,衣類,ジャケット,6,5030,30180
2024-01-24,電子機器,スマートフォン,6,47430,284580
2024-01-24,食品,果物,9,1432,12888
2024-01-24,電子機器,ノートPC,4,49224,196896
2024-01-24,家具,テーブル,9,45738,411642
2024-01-24,書籍,小説,10,2622,26220
2024-01-25,衣類,ジーンズ,2,8490,16980
2024-01-25,電子機器,タブレット,3,77526,232578
2024-01-25,書籍,自己啓発,8,4880,39040
2024-01-25,食品,コーヒー,2,1592,3184
2024-01-25,電子機器,スマートフォン,4,29816,119264
2024-01-25,電子機器,イヤホン,6,34917,209502
2024-01-25,書籍,自己啓発,8,4922,39376
2024-01-25,電子機器,スマートウォッチ,7,12482,87374
2024-01-25,食品,パスタ,1,528,528
2024-01-25,家具,照明,2,38536,77072
2024-01-26,衣類,ジーンズ,6,7083,42498
2024-01-26,電子機器,ノートPC,6,35522,213132
2024-01-26,書籍,小説,8,4650,37200
2024-01-26,食品,コーヒー,10,261,2610
2024-01-26,書籍,小説,7,554,3878
2024-01-26,書籍,参考書,7,3579,25053
2024-01-26,電子機器,スマートフォン,7,65106,455742
2024-01-27,食品,果物,8,1177,9416
2024-01-27,電子機器,スマートウォッチ,3,49986,149958
2024-01-27,電子機器,イヤホン,8,74929,599432
2024-01-27,食品,パスタ,4,1623,6492
2024-01-27,家具,ベッド,7,22327,156289
2024-01-27,衣類,ジーンズ,7,4198,29386
2024-01-27,家具,照明,3,18859,56577
2024-01-27,家具,ソファ,2,13705,27410
2024-01-27,電子機器,スマートウォッチ,4,95514,382056
2024-01-27,衣類,ジーンズ,3,6566,19698
2024-01-27,書籍,コミック,5,1304,6520
2024-01-27,電子機器,ノートPC,5,17083,85415
2024-01-28,書籍,参考書,6,1887,11322
2024-01-28,電子機器,ノートPC,8,77642,621136
2024-01-28,電子機器,ノートPC,3,37856,113568
2024-01-28,電子機器,ノートPC,9,70774,636966
2024-01-28,電子機器,タブレット,4,65961,263844
2024-01-28,衣類,セーター,2,13990,27980
2024-01-28,家具,照明,6,36889,221334
2024-01-29,衣類,ジャケット,9,12273,110457
2024-01-29,電子機器,スマートウォッチ,9,88411,795699
2024-01-29,家具,テーブル,6,45760,274560
2024-01-29,食品,コーヒー,9,920,8280
2024-01-29,衣類,セーター,1,4969,4969
2024-01-29,家具,ソファ,10,41397,413970
2024-01-29,衣類,ジャケット,6,3386,20316
2024-01-29,電子機器,タブレット,5,21555,107775
2024-01-29,食品,コーヒー,5,1902,9510
2024-01-30,食品,スナック菓子,1,286,286
2024-01-30,食品,コーヒー,7,722,5054
2024-01-30,家具,椅子,10,45483,454830
2024-01-30,書籍,雑誌,3,4420,13260
2024-01-30,食品,果物,2,300,600
2024-01-30,衣類,ジーンズ,5,4120,20600
2024-01-30,電子機器,スマートフォン,1,44008,44008
2024-01-30,家具,照明,8,18350,146800
2024-01-30,食品,パスタ,2,1352,2704
2024-01-30,書籍,コミック,3,4049,12147
2024-01-30,衣類,ジャケット,3,11828,35484
2024-01-30,書籍,雑誌,1,3504,3504
2024-01-31,衣類,Tシャツ,7,9982,69874
2024-01-31,書籍,雑誌,8,4562,36496
2024-01-31,家具,椅子,7,7421,51947
2024-01-31,電子機器,ノートPC,9,87454,787086
2024-01-31,食品,コーヒー,9,2000,18000
2024-02-01,衣類,Tシャツ,7,7913,55391
2024-02-01,家具,テーブル,7,49813,348691
2024-02-01,家具,椅子,3,20023,60069
2024-02-01,衣類,スニーカー,7,3500,24500
2024-02-01,衣類,ジャケット,7,5042,35294
2024-02-01,衣類,スニーカー,10,2614,26140
2024-02-01,電子機器,タブレット,2,92050,184100
2024-02-01,家具,照明,8,36705,293640
2024-02-01,書籍,小説,4,1420,5680
2024-02-01,家具,テーブル,1,33687,33687
2024-02-01,家具,テーブル,2,13502,27004
2024-02-01,食品,コーヒー,2,513,1026
2024-02-01,食品,果物,2,1539,3078
2024-02-01,食品,パスタ,7,913,6391
2024-02-02,家具,椅子,5,17984,89920
2024-02-02,書籍,小説,10,1420,14200
2024-02-02,書籍,自己啓発,1,4260,4260
2024-02-02,食品,果物,8,1793,14344
2024-02-02,衣類,ジャケット,2,6388,12776
2024-02-02,電子機器,スマートフォン,5,45400,227000
2024-02-02,電子機器,スマートフォン,8,84691,677528
2024-02-02,書籍,雑誌,10,2328,23280
2024-02-03,食品,スナック菓子,6,906,5436
2024-02-03,食品,果物,2,1276,2552
2024-02-03,書籍,コミック,8,1384,11072
2024-02-03,食品,果物,10,1230,12300
2024-02-03,衣類,Tシャツ,10,2936,29360
2024-02-03,電子機器,ノートPC,3,24199,72597
2024-02-03,家具,ベッド,6,12214,73284
2024-02-03,電子機器,スマートフォン,3,72483,217449
2024-02-03,衣類,Tシャツ,10,4466,44660
2024-02-04,衣類,Tシャツ,8,10194,81552
2024-02-04,食品,果物,8,992,7936
2024-02-04,電子機器,スマートフォン,4,44701,178804
2024-02-04,家具,テーブル,9,28874,259866
2024-02-04,食品,スナック菓子,9,1318,11862
2024-02-04,電子機器,ノートPC,10,39192,391920
2024-02-05,電子機器,スマートウォッチ,2,35559,71118
2024-02-05,書籍,雑誌,5,1413,7065
2024-02-05,家具,ソファ,5,26452,132260
2024-02-05,電子機器,ノートPC,8,19516,156128
2024-02-05,家具,照明,10,6591,65910
2024-02-05,衣類,スニーカー,1,11477,11477
2024-02-05,食品,スナック菓子,1,670,670
2024-02-05,食品,チョコレート,9,1816,16344
2024-02-05,衣類,ジャケット,6,6795,40770
2024-02-05,家具,照明,10,7808,78080
2024-02-05,食品,コーヒー,10,771,7710
2024-02-05,食品,果物,7,181,1267
2024-02-06,衣類,セーター,7,12177,85239
2024-02-06,家具,照明,1,39832,39832
2024-02-06,衣類,ジャケット,8,14962,119696
2024-02-06,食品,コーヒー,9,1347,12123
2024-02-06,衣類,ジャケット,5,7084,35420
2024-02-06,書籍,コミック,4,1765,7060
2024-02-06,書籍,雑誌,1,1417,1417
2024-02-06,電子機器,ノートPC,6,30953,185718
2024-02-07,食品,コーヒー,2,1393,2786
2024-02-07,家具,ソファ,4,30338,121352
2024-02-07,食品,スナック菓子,7,128,896
2024-02-07,食品,チョコレート,6,978,5868
2024-02-07,食品,パスタ,10,1661,16610
2024-02-07,衣類,ジーンズ,4,9266,37064
2024-02-07,家具,椅子,7,8342,58394
2024-02-07,家具,ベッド,4,18261,73044
2024-02-07,書籍,雑誌,3,3396,10188
2024-02-07,書籍,コミック,5,4526,22630
2024-02-07,書籍,雑誌,9,4463,40167
2024-02-07,衣類,セーター,3,12047,36141
2024-02-08,電子機器,イヤホン,2,48158,96316
2024-02-08,書籍,雑誌,8,1484,11872
2024-02-08,電子機器,スマートウォッチ,5,18711,93555
2024-02-08,食品,コーヒー,4,298,1192
2024-02-08,食品,果物,5,1659,8295
2024-02-09,食品,スナック菓子,9,833,7497
2024-02-09,電子機器,イヤホン,4,44531,178124
2024-02-09,電子機器,スマートフォン,6,15109,90654
2024-02-09,家具,ベッド,2,21967,43934
2024-02-09,食品,果物,1,171,171
2024-02-09,家具,テーブル,2,22773,45546
2024-02-09,食品,果物,9,900,8100
2024-02-09,書籍,小説,8,1278,10224
2024-02-09,食品,チョコレート,1,687,687
2024-02-09,電子機器,イヤホン,4,45488,181952
2024-02-09,衣類,ジーンズ,1,2001,2001
2024-02-09,電子機器,スマートフォン,9,55004,495036
2024-02-09,電子機器,スマートウォッチ,4,66985,267940
2024-02-09,衣類,ジーンズ,10,14430,144300
2024-02-10,衣類,ジャケット,1,3895,3895
2024-02-10,食品,果物,3,734,2202
2024-02-10,電子機器,スマートフォン,7,36015,252105
2024-02-10,電子機器,ノートPC,8,36289,290312
2024-02-10,書籍,コミック,7,958,6706
2024-02-10,書籍,コミック,6,3885,23310
2024-02-11,衣類,スニーカー,9,9867,88803
2024-02-11,衣類,スニーカー,2,9179,18358
2024-02-11,書籍,自己啓発,9,1766,15894
2024-02-11,衣類,スニーカー,7,10941,76587
2024-02-11,書籍,自己啓発,8,4304,34432
2024-02-11,家具,照明,2,15181,30362
2024-02-11,衣類,スニーカー,6,6644,39864
2024-02-11,電子機器,タブレット,3,70315,210945
2024-02-11,衣類,スニーカー,3,14732,44196
2024-02-11,家具,椅子,7,35027,245189
2024-02-12,家具,テーブル,8,13595,108760
2024-02-12,家具,ソファ,4,38723,154892
2024-02-12,衣類,Tシャツ,3,6703,20109
2024-02-12,電子機器,イヤホン,10,41860,418600
2024-02-12,衣類,ジャケット,2,12574,25148
2024-02-13,書籍,参考書,3,1894,5682
2024-02-13,衣類,セーター,3,2529,7587
2024-02-13,家具,椅子,3,24975,74925
2024-02-13,書籍,参考書,2,874,1748
2024-02-13,家具,ベッド,6,9648,57888
2024-02-13,書籍,自己啓発,8,2778,22224
2024-02-14,書籍,参考書,7,3716,26012
2024-02-14,食品,チョコレート,9,127,1143
2024-02-14,衣類,スニーカー,5,6356,31780
2024-02-14,電子機器,イヤホン,8,22588,180704
2024-02-14,食品,コーヒー,3,729,2187
2024-02-14,衣類,セーター,10,13083,130830
2024-02-14,電子機器,スマートフォン,5,89530,447650
2024-02-14,書籍,小説,9,1075,9675
2024-02-14,書籍,コミック,9,3678,33102
2024-02-14,家具,ベッド,5,31928,159640
2024-02-14,電子機器,イヤホン,8,93310,746480
2024-02-14,書籍,雑誌,4,4453,17812
2024-02-14,衣類,Tシャツ,5,11235,56175
2024-02-15,家具,椅子,7,6058,42406
2024-02-15,家具,ベッド,5,34856,174280
2024-02-15,電子機器,タブレット,10,51235,512350
2024-02-15,家具,テーブル,8,43138,345104
2024-02-15,食品,コーヒー,9,1429,12861
2024-02-15,家具,椅子,7,11638,81466
2024-02-15,食品,コーヒー,7,1551,10857
2024-02-15,書籍,自己啓発,4,2469,9876
2024-02-15,衣類,ジャケット,7,9175,64225
2024-02-15,衣類,セーター,1,11206,11206
2024-02-15,家具,ベッド,6,43006,258036
2024-02-15,衣類,スニーカー,10,13677,136770
2024-02-15,衣類,ジーンズ,1,9705,9705
2024-02-15,電子機器,イヤホン,8,47208,377664
2024-02-16,電子機器,スマートフォン,3,89134,267402
2024-02-16,家具,ベッド,9,49633,446697
2024-02-16,書籍,参考書,2,1203,2406
2024-02-16,電子機器,スマートフォン,9,97128,874152
2024-02-16,家具,椅子,5,24614,123070
2024-02-16,電子機器,タブレット,4,39165,156660
2024-02-16,書籍,雑誌,6,4053,24318
2024-02-16,衣類,セーター,9,11042,99378
2024-02-17,電子機器,スマートフォン,5,13726,68630
2024-02-17,電子機器,イヤホン,10,19108,191080
2024-02-17,食品,スナック菓子,9,1540,13860
2024-02-17,電子機器,スマートフォン,3,32443,97329
2024-02-17,衣類,スニーカー,3,13207,39621
2024-02-17,衣類,ジーンズ,9,11218,100962
2024-02-17,家具,テーブル,8,40631,325048
2024-02-17,衣類,ジャケット,5,3177,15885
2024-02-17,電子機器,イヤホン,5,91889,459445
2024-02-17,家具,ソファ,4,48790,195160
2024-02-17,食品,コーヒー,5,506,2530
2024-02-17,食品,果物,9,1927,17343
2024-02-17,食品,パスタ,4,888,3552
2024-02-17,家具,照明,2,11012,22024
2024-02-17,書籍,自己啓発,4,3041,12164
2024-02-18,家具,ソファ,3,47641,142923
2024-02-18,衣類,Tシャツ,4,4137,16548
2024-02-18,電子機器,タブレット,7,54139,378973
2024-02-18,衣類,セーター,7,9102,63714
2024-02-18,電子機器,ノートPC,10,34611,346110
2024-02-18,書籍,コミック,6,2298,13788
2024-02-18,電子機器,イヤホン,8,52668,421344
2024-02-18,衣類,スニーカー,7,9285,64995
2024-02-18,家具,ソファ,9,42384,381456
2024-02-18,衣類,ジーンズ,9,11852,106668
2024-02-18,衣類,Tシャツ,10,3316,33160
2024-02-18,書籍,参考書,8,4183,33464
2024-02-18,書籍,参考書,9,645,5805
2024-02-18,食品,スナック菓子,10,1092,10920
2024-02-18,衣類,セーター,1,2482,2482
2024-02-19,電子機器,スマートウォッチ,1,51621,51621
2024-02-19,家具,照明,7,28711,200977
2024-02-19,食品,コーヒー,9,689,6201
2024-02-19,家具,ベッド,9,12421,111789
2024-02-19,電子機器,ノートPC,3,14358,43074
2024-02-19,家具,テーブル,3,37117,111351
2024-02-20,電子機器,スマートフォン,7,39371,275597
2024-02-20,食品,スナック菓子,10,1225,12250
2024-02-20,衣類,セーター,4,14640,58560
2024-02-20,書籍,雑誌,9,2414,21726
2024-02-20,電子機器,イヤホン,1,74315,74315
2024-02-20,衣類,ジャケット,5,4475,22375
2024-02-20,食品,果物,8,1353,10824
2024-02-20,衣類,スニーカー,6,9979,59874
2024-02-20,家具,テーブル,3,13533,40599
2024-02-20,衣類,ジャケット,2,12853,25706
2024-02-20,電子機器,タブレット,2,19686,39372
2024-02-21,書籍,参考書,4,2368,9472
2024-02-21,家具,椅子,7,5207,36449
2024-02-21,衣類,Tシャツ,7,13151,92057
2024-02-21,書籍,小説,8,3062,24496
2024-02-21,家具,ソファ,3,34301,102903
2024-02-21,家具,ソファ,8,46323,370584
2024-02-21,電子機器,スマートフォン,5,23395,116975
2024-02-21,衣類,Tシャツ,5,13023,65115
2024-02-22,書籍,参考書,4,2101,8404
2024-02-22,電子機器,スマートウォッチ,2,40682,81364
2024-02-22,電子機器,スマートフォン,1,65114,65114
2024-02-22,食品,スナック菓子,7,1789,12523
2024-02-22,書籍,参考書,7,761,5327
2024-02-22,食品,パスタ,6,1439,8634
2024-02-22,家具,ソファ,10,41875,418750
2024-02-22,電子機器,ノートPC,6,35169,211014
2024-02-22,家具,照明,8,12629,101032
2024-02-22,食品,スナック菓子,9,498,4482
2024-02-23,食品,コーヒー,2,1030,2060
2024-02-23,衣類,ジャケット,2,14553,29106
2024-02-23,電子機器,ノートPC,9,73740,663660
2024-02-23,電子機器,イヤホン,1,41055,41055
2024-02-23,家具,ソファ,3,40298,120894
2024-02-23,電子機器,スマートフォン,5,27347,136735
2024-02-23,電子機器,イヤホン,4,62188,248752
2024-02-23,書籍,自己啓発,2,3210,6420
2024-02-23,食品,パスタ,5,1590,7950
2024-02-24,衣類,Tシャツ,2,8525,17050
2024-02-24,食品,コーヒー,8,1586,12688
2024-02-24,電子機器,タブレット,9,39794,358146
2024-02-24,家具,椅子,3,11406,34218
2024-02-24,書籍,小説,4,2138,8552
2024-02-24,電子機器,スマートウォッチ,7,44171,309197
2024-02-25,家具,ソファ,4,17411,69644
2024-02-25,衣類,セーター,4,9870,39480
2024-02-25,家具,照明,7,35874,251118
2024-02-25,書籍,自己啓発,6,4216,25296
2024-02-25,衣類,スニーカー,5,4293,21465
2024-02-25,家具,テーブル,7,45761,320327
2024-02-25,家具,椅子,5,29817,149085
2024-02-25,家具,ベッド,5,40153,200765
2024-02-26,家具,ソファ,1,49002,49002
2024-02-26,電子機器,イヤホン,5,39300,196500
2024-02-26,衣類,ジャケット,2,6719,13438
2024-02-26,書籍,参考書,8,4304,34432
2024-02-26,書籍,自己啓発,6,3101,18606
2024-02-26,家具,テーブル,1,35911,35911
2024-02-26,電子機器,スマートフォン,9,74641,671769
2024-02-26,書籍,自己啓発,1,741,741
2024-02-26,衣類,ジャケット,8,10980,87840
2024-02-27,衣類,スニーカー,6,4247,25482
2024-02-27,電子機器,スマートフォン,7,35431,248017
2024-02-27,家具,照明,5,35111,175555
2024-02-27,書籍,小説,7,2648,18536
2024-02-27,家具,椅子,7,41224,288568
2024-02-27,家具,照明,8,29034,232272
2024-02-27,電子機器,スマートウォッチ,4,98340,393360
2024-02-27,衣類,ジャケット,4,14686,58744
2024-02-27,食品,パスタ,3,1614,4842
2024-02-27,衣類,セーター,5,8493,42465
2024-02-27,衣類,ジャケット,1,3246,3246
2024-02-27,電子機器,スマートフォン,2,87360,174720
2024-02-27,書籍,コミック,9,2716,24444
2024-02-27,電子機器,ノートPC,7,96205,673435
2024-02-27,衣類,ジーンズ,5,5747,28735
2024-02-28,衣類,セーター,5,8303,41515
2024-02-28,書籍,参考書,10,2820,28200
2024-02-28,衣類,Tシャツ,9,6583,59247
2024-02-28,食品,スナック菓子,10,1084,10840
2024-02-28,衣類,ジャケット,4,13435,53740
2024-02-28,食品,チョコレート,8,221,1768
2024-02-28,電子機器,イヤホン,9,53950,485550
2024-02-28,衣類,セーター,5,2301,11505
2024-02-28,書籍,雑誌,6,1161,6966
2024-02-28,食品,チョコレート,6,959,5754
2024-02-28,家具,ベッド,2,18057,36114
2024-02-28,家具,ベッド,4,29858,119432
2024-02-28,衣類,スニーカー,7,6183,43281
2024-02-28,書籍,自己啓発,6,4254,25524
2024-02-28,家具,ベッド,1,13706,13706
2024-02-29,食品,果物,7,207,1449
2024-02-29,電子機器,スマートウォッチ,8,51321,410568
2024-02-29,衣類,Tシャツ,5,2514,12570
2024-02-29,電子機器,イヤホン,8,72946,583568
2024-02-29,衣類,ジーンズ,9,5081,45729
2024-02-29,家具,照明,2,36656,73312
2024-02-29,家具,椅子,4,24363,97452
2024-02-29,衣類,ジーンズ,10,12805,128050
2024-02-29,書籍,小説,9,3989,35901
2024-02-29,家具,椅子,4,41751,167004
2024-03-01,食品,果物,10,231,2310
2024-03-01,家具,ソファ,4,23313,93252
2024-03-01,食品,コーヒー,5,1865,9325
2024-03-01,家具,ベッド,10,31661,316610
2024-03-01,書籍,コミック,9,2820,25380
2024-03-01,書籍,自己啓発,3,4931,14793
2024-03-01,衣類,ジャケット,4,5959,23836
2024-03-02,衣類,ジーンズ,3,13451,40353
2024-03-02,書籍,雑誌,1,3890,3890
2024-03-02,食品,果物,10,1097,10970
2024-03-02,家具,ソファ,3,21044,63132
2024-03-02,書籍,小説,7,3028,21196
2024-03-02,衣類,ジャケット,1,4810,4810
2024-03-02,書籍,雑誌,9,1519,13671
2024-03-02,家具,椅子,1,39051,39051
2024-03-02,書籍,雑誌,6,2625,15750
2024-03-02,書籍,雑誌,7,3971,27797
2024-03-02,家具,椅子,4,35268,141072
2024-03-02,衣類,ジーンズ,3,7068,21204
2024-03-03,電子機器,スマートウォッチ,6,63072,378432
2024-03-03,食品,果物,3,856,2568
2024-03-03,食品,コーヒー,3,1425,4275
2024-03-03,衣類,スニーカー,5,9999,49995
2024-03-03,家具,ソファ,1,30279,30279
2024-03-03,家具,ソファ,6,31201,187206
2024-03-03,書籍,参考書,3,3339,10017
2024-03-03,電子機器,イヤホン,6,23493,140958
2024-03-03,書籍,コミック,9,2119,19071
2024-03-03,電子機器,イヤホン,5,90797,453985
2024-03-03,書籍,参考書,6,1743,10458
2024-03-03,食品,スナック菓子,8,1005,8040
2024-03-03,衣類,Tシャツ,6,7675,46050
2024-03-03,電子機器,スマートウォッチ,4,69063,276252
2024-03-03,食品,スナック菓子,2,349,698
2024-03-04,電子機器,スマートウォッチ,4,27073,108292
2024-03-04,電子機器,タブレット,7,24289,170023
2024-03-04,食品,スナック菓子,8,1778,14224
2024-03-04,家具,テーブル,10,7539,75390
2024-03-04,電子機器,スマートウォッチ,10,38228,382280
2024-03-04,食品,コーヒー,5,1083,5415
2024-03-04,電子機器,タブレット,3,97896,293688
2024-03-04,家具,ソファ,9,11588,104292
2024-03-04,電子機器,スマートフォン,2,39300,78600
2024-03-04,書籍,参考書,9,1097,9873
2024-03-04,電子機器,スマートフォン,8,17521,140168
2024-03-04,書籍,参考書,9,4169,37521
2024-03-04,電子機器,スマートフォン,2,60669,121338
2024-03-04,衣類,Tシャツ,10,13780,137800
2024-03-04,衣類,Tシャツ,2,8985,17970
2024-03-05,食品,果物,7,1209,8463
2024-03-05,書籍,コミック,10,1110,11100
2024-03-05,食品,チョコレート,7,376,2632
2024-03-05,書籍,参考書,4,3291,13164
2024-03-05,家具,ソファ,9,11823,106407
2024-03-05,衣類,ジャケット,10,6976,69760
2024-03-06,電子機器,タブレット,8,33648,269184
2024-03-06,衣類,ジャケット,3,6869,20607
2024-03-06,書籍,小説,2,4902,9804
2024-03-06,食品,スナック菓子,10,107,1070
2024-03-06,書籍,コミック,9,2711,24399
2024-03-06,家具,ベッド,8,11710,93680
2024-03-07,衣類,ジーンズ,4,5525,22100
2024-03-07,書籍,参考書,7,3424,23968
2024-03-07,食品,パスタ,2,1998,3996
2024-03-07,電子機器,イヤホン,1,99087,99087
2024-03-07,家具,ソファ,5,7307,36535
2024-03-07,食品,チョコレート,7,1139,7973
2024-03-07,電子機器,スマートウォッチ,7,62756,439292
2024-03-07,家具,テーブル,4,38691,154764
2024-03-07,衣類,スニーカー,7,5711,39977
2024-03-07,食品,果物,9,230,2070
2024-03-07,電子機器,イヤホン,9,34217,307953
2024-03-07,家具,照明,9,14587,131283
2024-03-07,衣類,スニーカー,9,7569,68121
2024-03-08,家具,テーブル,6,14346,86076
2024-03-08,書籍,コミック,10,4579,45790
2024-03-08,家具,ソファ,8,30817,246536
2024-03-08,電子機器,スマートウォッチ,3,28099,84297
2024-03-08,衣類,Tシャツ,3,14625,43875
2024-03-08,衣類,スニーカー,9,4326,38934
2024-03-08,電子機器,スマートウォッチ,3,88112,264336
2024-03-08,書籍,自己啓発,2,1589,3178
2024-03-08,食品,スナック菓子,7,553,3871
2024-03-08,電子機器,イヤホン,1,31447,31447
2024-03-08,食品,スナック菓子,10,1938,19380
2024-03-08,家具,照明,9,33276,299484
2024-03-08,家具,ソファ,4,21843,87372
2024-03-09,電子機器,タブレット,2,60290,120580
2024-03-09,電子機器,タブレット,7,68810,481670
2024-03-09,食品,コーヒー,8,657,5256
2024-03-09,書籍,自己啓発,8,4118,32944
2024-03-09,食品,パスタ,4,380,1520
2024-03-10,衣類,Tシャツ,3,9789,29367
2024-03-10,食品,パスタ,10,1398,13980
2024-03-10,電子機器,イヤホン,4,85948,343792
2024-03-10,電子機器,タブレット,7,88610,620270
2024-03-10,書籍,自己啓発,4,3012,12048
2024-03-10,電子機器,スマートフォン,8,74307,594456
2024-03-10,電子機器,タブレット,5,21240,106200
2024-03-10,食品,チョコレート,4,167,668
2024-03-10,書籍,参考書,9,4508,40572
2024-03-10,家具,椅子,3,5778,17334
2024-03-10,衣類,セーター,5,3348,16740
2024-03-10,書籍,自己啓発,3,2544,7632
2024-03-11,家具,椅子,4,30634,122536
2024-03-11,電子機器,ノートPC,8,69871,558968
2024-03-11,電子機器,スマートウォッチ,7,42174,295218
2024-03-11,書籍,コミック,9,2573,23157
2024-03-11,書籍,自己啓発,6,2073,12438
2024-03-11,書籍,小説,3,4727,14181
2024-03-11,書籍,コミック,4,1078,4312
2024-03-11,書籍,参考書,8,1685,13480
2024-03-11,食品,チョコレート,1,1707,1707
2024-03-11,電子機器,ノートPC,1,16716,16716
2024-03-11,書籍,参考書,8,3951,31608
2024-03-11,衣類,Tシャツ,9,12332,110988
2024-03-11,家具,椅子,3,35119,105357
2024-03-12,家具,ソファ,8,10808,86464
2024-03-12,家具,ベッド,6,48056,288336
2024-03-12,電子機器,タブレット,4,26724,106896
2024-03-12,家具,椅子,10,10482,104820
2024-03-12,電子機器,スマートフォン,8,80448,643584
2024-03-12,電子機器,スマートフォン,8,69156,553248
2024-03-12,食品,パスタ,7,282,1974
2024-03-13,家具,照明,3,26386,79158
2024-03-13,家具,ベッド,1,49199,49199
2024-03-13,書籍,雑誌,8,3504,28032
2024-03-13,家具,ベッド,1,38755,38755
2024-03-13,衣類,セーター,8,10365,82920
2024-03-13,家具,椅子,4,28377,113508
2024-03-13,衣類,ジーンズ,4,2989,11956
2024-03-13,電子機器,イヤホン,2,44542,89084
2024-03-13,書籍,コミック,1,4308,4308
2024-03-13,書籍,参考書,3,3202,9606
2024-03-13,電子機器,ノートPC,9,61649,554841
2024-03-13,食品,パスタ,10,1009,10090
2024-03-13,衣類,スニーカー,6,9544,57264
2024-03-14,書籍,雑誌,4,3001,12004
2024-03-14,食品,果物,2,1728,3456
2024-03-14,食品,コーヒー,1,367,367
2024-03-14,食品,パスタ,1,1434,1434
2024-03-14,家具,テーブル,5,14428,72140
2024-03-14,電子機器,スマートフォン,7,60583,424081
2024-03-14,電子機器,イヤホン,5,89285,446425
2024-03-14,食品,コーヒー,4,710,2840
2024-03-14,家具,椅子,5,15213,76065
2024-03-14,衣類,ジャケット,2,3823,7646
2024-03-14,食品,パスタ,9,1186,10674
2024-03-15,食品,コーヒー,9,1241,11169
2024-03-15,書籍,コミック,1,2443,2443
2024-03-15,衣類,ジャケット,5,2006,10030
2024-03-15,書籍,自己啓発,8,3764,30112
2024-03-15,書籍,雑誌,10,1413,14130
2024-03-15,書籍,雑誌,1,3428,3428
2024-03-15,家具,テーブル,4,31039,124156
2024-03-15,書籍,小説,4,2400,9600
2024-03-15,衣類,セーター,8,5415,43320
2024-03-15,食品,パスタ,4,1789,7156
2024-03-15,食品,パスタ,10,1686,16860
2024-03-16,食品,果物,5,641,3205
2024-03-16,衣類,セーター,10,4172,41720
2024-03-16,家具,テーブル,5,36778,183890
2024-03-16,書籍,参考書,9,2916,26244
2024-03-16,家具,ベッド,4,39704,158816
2024-03-16,家具,ソファ,5,8236,41180
2024-03-17,電子機器,スマートウォッチ,2,18556,37112
2024-03-17,家具,照明,7,14569,101983
2024-03-17,家具,照明,10,5340,53400
2024-03-17,書籍,自己啓発,7,2022,14154
2024-03-17,電子機器,イヤホン,8,91532,732256
2024-03-17,食品,果物,2,238,476
2024-03-17,書籍,雑誌,1,3670,3670
2024-03-17,書籍,参考書,8,1737,13896
2024-03-17,電子機器,ノートPC,3,87988,263964
2024-03-17,家具,ソファ,5,30232,151160
2024-03-17,家具,ソファ,6,15238,91428
2024-03-17,食品,果物,2,366,732
2024-03-17,家具,ソファ,6,33308,199848
2024-03-18,食品,スナック菓子,5,1076,5380
2024-03-18,書籍,小説,10,1382,13820
2024-03-18,食品,コーヒー,4,963,3852
2024-03-18,衣類,ジャケット,6,11802,70812
2024-03-18,電子機器,タブレット,9,46593,419337
2024-03-18,電子機器,タブレット,5,79338,396690
2024-03-18,衣類,ジャケット,3,7806,23418
2024-03-18,書籍,自己啓発,3,3619,10857
2024-03-18,電子機器,イヤホン,1,12384,12384
2024-03-18,電子機器,スマートフォン,8,90018,720144
2024-03-19,食品,パスタ,5,1136,5680
2024-03-19,家具,テーブル,6,41188,247128
2024-03-19,食品,パスタ,6,1005,6030
2024-03-19,衣類,セーター,2,13944,27888
2024-03-19,食品,チョコレート,3,118,354
2024-03-19,衣類,ジーンズ,1,13751,13751
2024-03-19,食品,チョコレート,4,124,496
2024-03-19,家具,椅子,5,25620,128100
2024-03-19,家具,ソファ,9,16390,147510
2024-03-19,電子機器,イヤホン,3,85969,257907
2024-03-20,電子機器,ノートPC,4,18605,74420
2024-03-20,食品,パスタ,8,1894,15152
2024-03-20,書籍,自己啓発,2,2592,5184
2024-03-20,家具,照明,6,27031,162186
2024-03-20,衣類,Tシャツ,7,14449,101143
2024-03-20,衣類,ジャケット,6,9355,56130
2024-03-20,衣類,ジーンズ,10,12350,123500
2024-03-20,書籍,参考書,7,3451,24157
2024-03-20,食品,果物,7,1688,11816
2024-03-20,電子機器,スマートフォン,9,32173,289557
2024-03-20,家具,ベッド,5,28864,144320
2024-03-20,電子機器,スマートフォン,7,17190,120330
2024-03-21,衣類,ジャケット,8,3589,28712
2024-03-21,書籍,コミック,2,1511,3022
2024-03-21,家具,ソファ,7,10585,74095
2024-03-21,書籍,参考書,2,4949,9898
2024-03-21,食品,チョコレート,1,1714,1714
2024-03-21,電子機器,スマートフォン,10,41897,418970
2024-03-21,衣類,Tシャツ,7,11009,77063
2024-03-21,電子機器,スマートウォッチ,9,65103,585927
2024-03-21,家具,ソファ,9,24008,216072
2024-03-21,食品,パスタ,9,1797,16173
2024-03-21,書籍,コミック,4,1318,5272
2024-03-21,家具,照明,1,46157,46157
2024-03-21,書籍,雑誌,5,2948,14740
2024-03-21,衣類,ジーンズ,1,14091,14091
2024-03-22,電子機器,ノートPC,7,95716,670012
2024-03-22,家具,照明,5,29427,147135
2024-03-22,食品,チョコレート,4,530,2120
2024-03-22,電子機器,スマートフォン,5,26211,131055
2024-03-22,食品,パスタ,5,909,4545
2024-03-22,電子機器,スマートウォッチ,6,64575,387450
2024-03-22,書籍,小説,3,3874,11622
2024-03-22,衣類,スニーカー,9,11083,99747
2024-03-22,電子機器,スマートウォッチ,2,37364,74728
2024-03-22,家具,ソファ,2,20887,41774
2024-03-22,電子機器,スマートフォン,6,44773,268638
2024-03-22,電子機器,イヤホン,7,93692,655844
2024-03-22,衣類,Tシャツ,8,10967,87736
2024-03-22,書籍,参考書,3,1439,4317
2024-03-22,家具,ソファ,8,13547,108376
2024-03-23,書籍,雑誌,3,2048,6144
2024-03-23,電子機器,スマートフォン,6,20293,121758
2024-03-23,衣類,セーター,5,13849,69245
2024-03-23,家具,ベッド,6,23199,139194
2024-03-23,衣類,Tシャツ,4,6493,25972
2024-03-23,衣類,スニーカー,9,10578,95202
2024-03-23,電子機器,イヤホン,6,64131,384786
2024-03-23,家具,照明,9,6401,57609
2024-03-23,書籍,参考書,6,4404,26424
2024-03-24,書籍,小説,8,4175,33400
2024-03-24,衣類,ジャケット,6,13956,83736
2024-03-24,衣類,スニーカー,9,11889,107001
2024-03-24,家具,ベッド,9,45992,413928
2024-03-24,衣類,ジャケット,9,5709,51381
2024-03-24,書籍,雑誌,5,1472,7360
2024-03-24,書籍,雑誌,9,2707,24363
2024-03-24,食品,チョコレート,7,828,5796
2024-03-25,家具,照明,4,29770,119080
2024-03-25,家具,椅子,2,26729,53458
2024-03-25,書籍,自己啓発,7,1741,12187
2024-03-25,書籍,参考書,8,892,7136
2024-03-25,家具,ソファ,2,21616,43232
2024-03-25,電子機器,タブレット,10,17659,176590
2024-03-25,衣類,Tシャツ,10,9468,94680
2024-03-25,食品,パスタ,5,555,2775
2024-03-25,書籍,コミック,1,1572,1572
2024-03-25,書籍,コミック,9,3106,27954
2024-03-25,電子機器,ノートPC,10,26241,262410
2024-03-25,家具,ソファ,4,40063,160252
2024-03-26,電子機器,ノートPC,6,54769,328614
2024-03-26,家具,テーブル,5,32076,160380
2024-03-26,衣類,ジーンズ,3,7085,21255
2024-03-26,家具,ソファ,1,29272,29272
2024-03-26,食品,果物,2,1646,3292
2024-03-26,書籍,コミック,6,4252,25512
2024-03-26,書籍,雑誌,8,2993,23944
2024-03-26,電子機器,イヤホン,5,73064,365320
2024-03-26,衣類,スニーカー,7,11061,77427
2024-03-26,衣類,ジーンズ,6,11475,68850
2024-03-27,家具,照明,2,39064,78128
2024-03-27,食品,パスタ,5,947,4735
2024-03-27,衣類,ジーンズ,7,10711,74977
2024-03-27,家具,テーブル,8,15717,125736
2024-03-27,書籍,小説,7,4782,33474
2024-03-27,書籍,参考書,6,585,3510
2024-03-27,書籍,小説,5,4119,20595
2024-03-28,書籍,コミック,10,3826,38260
2024-03-28,食品,果物,8,269,2152
2024-03-28,書籍,参考書,7,3003,21021
2024-03-28,食品,果物,9,448,4032
2024-03-28,食品,スナック菓子,10,839,8390
2024-03-28,電子機器,タブレット,2,77712,155424
2024-03-28,電子機器,スマートウォッチ,7,95744,670208
2024-03-28,食品,スナック菓子,4,728,2912
2024-03-28,食品,パスタ,1,1482,1482
2024-03-29,衣類,Tシャツ,2,14972,29944
2024-03-29,書籍,自己啓発,4,1192,4768
2024-03-29,食品,コーヒー,4,1060,4240
2024-03-29,衣類,Tシャツ,10,10345,103450
2024-03-29,家具,ソファ,4,37598,150392
2024-03-29,衣類,スニーカー,9,6200,55800
2024-03-29,家具,テーブル,1,26904,26904
2024-03-29,衣類,セーター,9,4780,43020
2024-03-29,書籍,自己啓発,8,1160,9280
2024-03-29,食品,スナック菓子,10,502,5020
2024-03-29,家具,ソファ,7,28854,201978
2024-03-29,衣類,セーター,5,6557,32785
2024-03-29,書籍,参考書,4,1922,7688
2024-03-29,衣類,ジャケット,8,8696,69568
2024-03-29,食品,スナック菓子,9,574,5166
2024-03-30,衣類,スニーカー,5,11582,57910
2024-03-30,食品,果物,4,1093,4372
2024-03-30,家具,テーブル,4,21673,86692
2024-03-30,電子機器,スマートフォン,7,17415,121905
2024-03-30,書籍,自己啓発,5,753,3765
2024-03-30,家具,椅子,9,37252,335268
2024-03-30,電子機器,イヤホン,6,44148,264888
2024-03-30,電子機器,ノートPC,8,98454,787632
2024-03-31,家具,ベッド,4,43402,173608
2024-03-31,食品,スナック菓子,6,1634,9804
2024-03-31,書籍,小説,5,3914,19570
2024-03-31,衣類,ジーンズ,5,8680,43400
2024-03-31,食品,パスタ,9,1505,13545
2024-03-31,食品,スナック菓子,7,1651,11557
2024-03-31,家具,ベッド,8,20088,160704
2024-03-31,食品,コーヒー,10,131,1310
2024-03-31,食品,コーヒー,9,1076,9684
2024-03-31,食品,コーヒー,6,604,3624
2024-03-31,電子機器,イヤホン,4,88958,355832
2024-04-01,食品,果物,5,1225,6125
2024-04-01,電子機器,スマートフォン,9,12610,113490
2024-04-01,書籍,小説,9,4699,42291
2024-04-01,食品,チョコレート,7,1501,10507
2024-04-01,家具,椅子,1,24873,24873
2024-04-01,食品,チョコレート,9,1264,11376
2024-04-01,書籍,コミック,5,2038,10190
2024-04-01,電子機器,スマートフォン,7,63312,443184
2024-04-01,電子機器,タブレット,10,54814,548140
2024-04-01,書籍,コミック,2,868,1736
2024-04-01,食品,パスタ,4,1542,6168
2024-04-01,衣類,Tシャツ,2,6796,13592
2024-04-01,書籍,雑誌,3,1492,4476
2024-04-02,食品,果物,1,1576,1576
2024-04-02,食品,果物,3,758,2274
2024-04-02,書籍,雑誌,10,4231,42310
2024-04-02,書籍,コミック,7,2037,14259
2024-04-02,食品,チョコレート,5,939,4695
2024-04-03,食品,コーヒー,7,694,4858
2024-04-03,食品,コーヒー,4,563,2252
2024-04-03,書籍,小説,1,3697,3697
2024-04-03,家具,照明,5,37026,185130
2024-04-03,書籍,小説,6,3668,22008
2024-04-03,家具,椅子,5,44029,220145
2024-04-03,食品,チョコレート,2,1612,3224
2024-04-03,食品,果物,2,658,1316
2024-04-03,書籍,小説,4,4265,17060
2024-04-03,食品,果物,8,503,4024
2024-04-03,家具,テーブル,10,34240,342400
2024-04-04,衣類,セーター,10,8160,81600
2024-04-04,衣類,ジーンズ,5,11533,57665
2024-04-04,電子機器,スマートウォッチ,2,24256,48512
2024-04-04,食品,チョコレート,7,1118,7826
2024-04-04,食品,コーヒー,2,1468,2936
2024-04-04,食品,コーヒー,8,685,5480
2024-04-04,衣類,スニーカー,7,13558,94906
2024-04-04,食品,果物,6,119,714
2024-04-04,食品,チョコレート,6,247,1482
2024-04-04,書籍,雑誌,4,4054,16216
2024-04-04,衣類,セーター,2,3742,7484
2024-04-04,食品,コーヒー,9,580,5220
2024-04-05,電子機器,タブレット,4,64330,257320
2024-04-05,書籍,参考書,4,1588,6352
2024-04-05,食品,コーヒー,9,365,3285
2024-04-05,家具,照明,6,7994,47964
2024-04-05,家具,照明,8,6813,54504
2024-04-05,書籍,参考書,9,783,7047
2024-04-05,電子機器,スマートフォン,4,88854,355416
2024-04-05,電子機器,スマートフォン,4,75618,302472
2024-04-05,電子機器,ノートPC,4,86872,347488
2024-04-05,家具,テーブル,6,13367,80202
2024-04-06,電子機器,ノートPC,2,94021,188042
2024-04-06,衣類,スニーカー,4,9674,38696
2024-04-06,家具,椅子,4,8676,34704
2024-04-06,食品,チョコレート,10,1014,10140
2024-04-06,書籍,小説,9,1564,14076
2024-04-06,衣類,ジーンズ,4,13943,55772
2024-04-06,電子機器,スマートウォッチ,7,11134,77938
2024-04-06,書籍,小説,9,4664,41976
2024-04-06,食品,コーヒー,8,302,2416
2024-04-06,家具,テーブル,3,22568,67704
2024-04-07,衣類,ジーンズ,2,11765,23530
2024-04-07,食品,スナック菓子,8,1809,14472
2024-04-07,食品,コーヒー,6,932,5592
2024-04-07,食品,パスタ,10,820,8200
2024-04-07,電子機器,スマートウォッチ,6,34170,205020
2024-04-07,電子機器,スマートフォン,1,96664,96664
2024-04-07,衣類,スニーカー,5,4817,24085
2024-04-07,家具,テーブル,6,23425,140550
2024-04-07,書籍,参考書,5,1858,9290
2024-04-07,書籍,参考書,2,562,1124
2024-04-07,食品,コーヒー,9,1328,11952
2024-04-07,書籍,自己啓発,6,2635,15810
2024-04-07,書籍,コミック,1,1322,1322
2024-04-07,食品,コーヒー,9,1508,13572
2024-04-07,家具,ベッド,5,39800,199000
2024-04-08,書籍,自己啓発,2,3168,6336
2024-04-08,書籍,雑誌,3,4664,13992
2024-04-08,電子機器,イヤホン,8,31225,249800
2024-04-08,電子機器,スマートウォッチ,10,24387,243870
2024-04-08,電子機器,スマートウォッチ,7,12591,88137
2024-04-08,家具,ソファ,10,6200,62000
2024-04-08,衣類,ジーンズ,7,13087,91609
2024-04-08,電子機器,スマートフォン,5,10136,50680
2024-04-08,食品,果物,3,1162,3486
2024-04-08,電子機器,スマートウォッチ,10,42854,428540
2024-04-08,電子機器,イヤホン,7,26322,184254
2024-04-08,電子機器,スマートフォン,5,33199,165995
2024-04-08,書籍,自己啓発,1,3818,3818
2024-04-08,家具,テーブル,5,46605,233025
2024-04-09,電子機器,スマートフォン,10,51458,514580
2024-04-09,衣類,ジーンズ,3,13171,39513
2024-04-09,衣類,Tシャツ,10,13803,138030
2024-04-09,食品,パスタ,6,1505,9030
2024-04-09,書籍,雑誌,9,3860,34740
2024-04-09,電子機器,タブレット,3,90201,270603
